"oil.year","year","carbon_trade","emissions_reduction","title","wordcount","count","regulation","global_warm","renewables","other"
2019,2019,0,9,"all",11514,1,0,2,6,2
2014,2014,0,0,"all",12412,1,0,0,0,0
2010,2010,0,0,"all",8050,1,0,0,1,0
2014,2014,0,0,"all",15289,1,0,0,0,0
2010,2010,0,0,"all",9117,1,0,0,0,0
2016,2016,0,0,"all",21345,1,0,0,0,0
2015,2015,0,0,"all",11346,1,0,0,0,0
2015,2015,0,3,"all",19436,1,0,0,0,0
2017,2017,0,0,"all",17880,1,0,1,0,0
2016,2016,0,1,"all",14387,1,0,0,0,0
2017,2017,0,0,"all",12882,1,0,0,0,0
2015,2015,0,0,"all",20753,1,0,0,0,0
2013,2013,0,0,"all",16135,1,0,0,1,0
2016,2016,0,27,"all",14251,1,0,0,40,4
2018,2018,0,3,"all",10343,1,0,0,1,0
2020,2020,1,15,"all",16506,1,1,1,11,1
2020,2020,0,0,"all",17003,1,0,0,10,1
2018,2018,0,9,"all",12284,1,0,1,4,0
2012,2012,0,0,"all",15248,1,0,0,0,0
2013,2013,0,0,"all",16636,1,0,0,0,0
2014,2014,0,0,"all",17458,1,0,0,0,0
2018,2018,0,1,"all",12019,1,0,0,1,0
2016,2016,0,0,"all",20278,1,0,0,0,0
2018,2018,0,42,"all",22053,1,0,0,32,3
2017,2017,0,1,"all",15812,1,0,0,1,0
2019,2019,0,50,"all",20422,1,0,4,29,0
2013,2013,0,0,"all",17602,1,0,0,0,0
2017,2017,0,1,"all",10881,1,0,0,0,0
2015,2015,0,0,"all",21972,1,0,0,0,0
2014,2014,0,0,"all",15200,1,0,0,0,0
2016,2016,0,0,"all",13842,1,0,0,0,0
2019,2019,0,13,"all",14263,1,2,1,13,2
2012,2012,0,0,"all",13339,1,0,0,0,0
2013,2013,0,2,"all",17188,1,0,0,0,0
2019,2019,0,35,"all",13538,1,8,2,26,1
2009,2009,0,0,"all",8915,1,0,0,0,0
2012,2012,0,0,"all",9062,1,0,0,0,0
2016,2016,0,0,"all",11269,1,0,0,0,0
2019,2019,0,0,"all",5992,1,0,0,0,0
2014,2014,0,0,"all",10532,1,0,0,0,0
2008,2008,0,0,"all",8014,1,0,0,0,0
2015,2015,0,1,"all",9860,1,0,0,0,0
2020,2020,0,8,"all",9849,1,0,0,8,3
2014,2014,0,0,"all",10405,1,0,0,0,0
2011,2011,0,0,"all",8021,1,0,0,0,0
2019,2019,0,4,"all",9346,1,0,1,5,0
2019,2019,0,0,"all",9301,1,0,0,1,0
2015,2015,0,0,"all",11964,1,0,1,0,0
2013,2013,0,0,"all",9695,1,0,0,0,0
2016,2016,0,0,"all",10933,1,0,0,0,0
2011,2011,1,1,"all",9288,1,0,1,0,0
2013,2013,0,0,"all",10023,1,0,0,0,0
2019,2019,0,1,"all",5772,1,0,0,3,1
2017,2017,0,0,"all",10187,1,0,0,0,0
2015,2015,0,0,"all",9905,1,0,0,0,0
2009,2009,0,0,"all",9605,1,0,0,0,0
2020,2020,0,8,"all",9739,1,0,0,1,3
2018,2018,0,0,"all",8339,1,0,0,0,0
2011,2011,0,0,"all",9520,1,0,0,0,0
2018,2018,0,0,"all",10034,1,0,0,0,0
2012,2012,0,0,"all",9848,1,0,0,0,0
2016,2016,0,0,"all",9412,1,0,0,0,0
2012,2012,0,0,"all",9301,1,0,0,0,0
2008,2008,0,0,"all",7596,1,0,0,0,0
2013,2013,0,2,"all",21388,1,0,0,3,0
2016,2016,0,0,"all",14531,1,0,0,0,0
2013,2013,0,0,"all",9994,1,0,0,0,0
2010,2010,0,0,"all",8627,1,0,0,0,0
2014,2014,0,0,"all",3410,1,0,0,0,0
2018,2018,0,1,"all",14973,1,0,1,2,1
2017,2017,0,0,"all",14746,1,0,0,0,0
2017,2017,0,0,"all",11712,1,0,0,0,0
2019,2019,0,6,"all",10081,1,0,0,0,2
2018,2018,0,1,"all",10382,1,0,0,1,0
2018,2018,0,0,"all",7986,1,0,0,0,0
2012,2012,0,9,"all",9984,1,0,0,0,3
2008,2008,0,0,"all",6336,1,0,0,0,0
2019,2019,0,0,"all",9363,1,0,0,0,0
2010,2010,0,3,"all",8063,1,0,1,1,0
2017,2017,0,0,"all",10690,1,0,0,0,0
2013,2013,0,0,"all",8387,1,0,1,0,0
2008,2008,0,0,"all",8995,1,0,0,0,0
2010,2010,0,0,"all",9039,1,0,0,0,0
2013,2013,0,3,"all",5760,1,0,0,5,1
2017,2017,0,0,"all",11824,1,0,0,0,0
2009,2009,0,0,"all",9947,1,0,0,0,0
2011,2011,0,0,"all",9099,1,0,0,0,0
2016,2016,0,0,"all",9903,1,0,0,0,0
2009,2009,0,0,"all",8556,1,0,0,0,0
2014,2014,0,0,"all",10226,1,0,0,0,0
2010,2010,0,0,"all",9199,1,0,0,0,0
2015,2015,0,0,"all",11367,1,0,0,0,0
2014,2014,0,0,"all",8531,1,0,0,0,0
2019,2019,0,0,"all",7548,1,0,0,0,0
2016,2016,0,2,"all",12526,1,0,0,0,1
2020,2020,0,8,"all",7379,1,0,1,0,1
2016,2016,0,0,"all",8807,1,0,0,0,0
2009,2009,0,0,"all",10607,1,0,0,0,0
2011,2011,0,0,"all",9923,1,0,0,0,0
2011,2011,0,0,"all",9462,1,0,0,0,0
2014,2014,0,0,"all",6966,1,0,0,0,0
2013,2013,0,1,"all",23808,1,0,0,0,0
2018,2018,0,0,"all",10215,1,0,0,0,0
2008,2008,0,0,"all",8669,1,0,0,0,0
2019,2019,0,12,"all",32730,1,1,2,4,4
2017,2017,0,15,"all",8929,1,5,11,0,3
2010,2010,0,0,"all",10462,1,0,1,0,0
2014,2014,0,0,"all",9474,1,0,0,0,0
2013,2013,0,0,"all",6073,1,0,0,0,0
2012,2012,0,0,"all",10006,1,0,0,0,0
2018,2018,0,4,"all",10023,1,0,0,0,2
2015,2015,0,3,"all",27081,1,0,0,1,1
2014,2014,0,1,"all",6012,1,0,0,0,1
2015,2015,0,2,"all",13088,1,0,0,0,1
2019,2019,0,0,"all",9224,1,0,0,0,0
2014,2014,0,0,"all",11162,1,0,0,0,0
2017,2017,0,0,"all",9799,1,0,0,0,0
2018,2018,0,0,"all",5195,1,0,0,0,0
2018,2018,0,0,"all",9888,1,0,0,0,0
2014,2014,0,0,"all",9648,1,0,0,0,0
2009,2009,0,0,"all",6752,1,0,4,0,0
2014,2014,0,0,"all",10322,1,0,0,0,0
2015,2015,0,0,"all",10067,1,0,0,0,0
2011,2011,0,0,"all",9643,1,0,0,0,0
2009,2009,0,0,"all",8642,1,0,0,0,0
2012,2012,0,0,"all",9742,1,0,0,0,0
2012,2012,0,0,"all",10841,1,0,0,0,0
2009,2009,0,1,"all",7073,1,0,1,1,0
2008,2008,0,0,"all",8330,1,0,0,0,0
2017,2017,0,0,"all",4215,1,0,0,0,0
2013,2013,0,18,"all",9140,1,0,4,1,8
2017,2017,0,0,"all",11394,1,0,0,0,0
2013,2013,0,0,"all",12129,1,0,0,0,0
2018,2018,0,14,"all",7218,1,0,21,0,6
2013,2013,0,0,"all",9512,1,0,0,0,0
2015,2015,0,0,"all",12096,1,0,0,0,0
2008,2008,0,0,"all",9126,1,0,0,1,0
2015,2015,0,0,"all",6129,1,0,0,0,0
2019,2019,0,0,"all",5342,1,0,0,0,0
2011,2011,0,0,"all",7907,1,0,0,0,0
2015,2015,0,0,"all",8453,1,0,0,0,0
2008,2008,0,0,"all",8152,1,0,0,0,0
2012,2012,0,0,"all",10353,1,0,0,0,0
2017,2017,0,0,"all",9327,1,0,0,0,0
2018,2018,0,0,"all",10785,1,0,0,0,0
2013,2013,0,0,"all",10283,1,0,0,0,0
2016,2016,0,0,"all",10458,1,0,0,0,0
2019,2019,0,0,"all",8517,1,0,0,0,0
2017,2017,0,0,"all",9719,1,0,0,0,0
2012,2012,0,0,"all",11088,1,0,0,0,0
2012,2012,0,0,"all",13744,1,0,0,0,0
2013,2013,0,0,"all",6609,1,0,0,0,0
2015,2015,0,0,"all",10583,1,0,0,0,0
2010,2010,0,0,"all",10139,1,0,0,0,0
2010,2010,0,0,"all",7873,1,0,0,0,0
2017,2017,0,0,"all",9864,1,0,0,0,0
2020,2020,0,0,"all",8983,1,0,0,0,0
2010,2010,0,0,"all",9531,1,0,0,0,0
2013,2013,0,0,"all",11232,1,0,0,0,0
2016,2016,0,0,"all",12270,1,0,0,0,0
2018,2018,0,0,"all",9295,1,0,0,0,0
2019,2019,0,0,"all",7989,1,0,0,0,0
2013,2013,0,0,"all",8001,1,0,0,0,0
2013,2013,0,1,"all",6873,1,0,0,0,0
2015,2015,0,0,"all",11136,1,0,0,1,0
2016,2016,0,0,"all",11025,1,0,0,0,0
2019,2019,0,1,"all",9904,1,0,0,0,0
2016,2016,0,0,"all",8006,1,0,0,0,0
2017,2017,0,0,"all",6836,1,0,0,0,0
2014,2014,0,0,"all",6856,1,0,0,0,0
2016,2016,0,0,"all",9412,1,0,0,0,0
2013,2013,0,0,"all",6694,1,0,0,0,0
2012,2012,0,0,"all",7185,1,0,0,0,0
2012,2012,0,0,"all",6828,1,0,0,0,0
2018,2018,0,0,"all",9987,1,0,0,2,0
2015,2015,0,0,"all",7395,1,0,0,0,0
2018,2018,0,0,"all",8996,1,0,0,0,0
2019,2019,0,6,"all",9321,1,0,1,7,1
2013,2013,0,0,"all",7215,1,0,0,0,0
2020,2020,0,10,"all",10731,1,0,2,24,1
2015,2015,0,0,"all",5855,1,0,0,0,0
2018,2018,0,0,"all",8591,1,0,0,0,0
2019,2019,0,1,"all",9130,1,0,0,1,0
2014,2014,0,0,"all",7148,1,0,0,0,0
2017,2017,0,0,"all",7399,1,0,0,0,0
2018,2018,0,0,"all",7447,1,0,0,0,0
2014,2014,0,0,"all",7573,1,0,1,0,0
2017,2017,0,0,"all",8384,1,0,0,0,0
2018,2018,0,0,"all",8102,1,0,0,1,1
2012,2012,0,0,"all",6055,1,0,0,0,0
2014,2014,0,0,"all",12387,1,0,0,2,0
2013,2013,0,0,"all",15945,1,0,0,2,0
2018,2018,0,0,"all",8041,1,0,0,0,0
2018,2018,0,0,"all",7784,1,0,0,0,0
2011,2011,0,0,"all",4066,1,0,0,0,0
2019,2019,0,4,"all",7029,1,0,0,0,0
2013,2013,0,0,"all",7676,1,0,0,2,0
2012,2012,0,0,"all",5017,1,0,0,0,0
2014,2014,0,0,"all",7807,1,0,0,0,0
2019,2019,0,8,"all",6590,1,0,0,6,0
2013,2013,0,0,"all",6812,1,0,0,0,0
2011,2011,0,0,"all",6345,1,0,0,0,0
2014,2014,0,0,"all",6685,1,0,0,1,0
2017,2017,0,0,"all",13487,1,0,0,3,1
2016,2016,0,0,"all",7117,1,0,0,0,0
2020,2020,0,0,"all",8762,1,0,0,3,0
2016,2016,0,0,"all",7871,1,0,0,0,0
2016,2016,0,0,"all",5976,1,0,0,1,0
2012,2012,0,0,"all",7094,1,0,0,2,0
2012,2012,0,0,"all",6749,1,0,0,0,0
2012,2012,0,0,"all",6812,1,0,0,0,0
2013,2013,0,0,"all",5540,1,0,0,0,0
2015,2015,0,0,"all",8400,1,0,0,0,0
2015,2015,0,0,"all",8260,1,0,0,0,0
2014,2014,0,0,"all",10582,1,0,0,0,0
2017,2017,0,0,"all",7848,1,0,0,0,0
2013,2013,0,0,"all",6865,1,0,0,0,0
2015,2015,0,0,"all",7069,1,0,0,0,0
2020,2020,0,13,"all",10456,1,2,0,42,3
2019,2019,0,2,"all",5114,1,0,0,5,2
2011,2011,0,0,"all",14904,1,0,0,0,1
2012,2012,0,1,"all",15387,1,0,0,1,0
2019,2019,0,0,"all",6021,1,0,0,0,0
2016,2016,0,0,"all",6867,1,0,0,0,0
2011,2011,0,0,"all",4263,1,0,0,0,0
2015,2015,0,0,"all",6076,1,0,0,0,0
2009,2009,0,1,"all",8534,1,0,0,0,0
2010,2010,0,1,"all",8500,1,0,0,0,0
2019,2019,0,11,"all",7383,1,1,2,1,1
2013,2013,0,20,"all",17292,1,2,5,1,13
2011,2011,0,0,"all",9792,1,0,0,0,0
2018,2018,0,0,"all",13531,1,0,0,0,0
2016,2016,1,0,"all",10529,1,1,0,0,0
2014,2014,0,0,"all",9962,1,0,0,0,0
2015,2015,0,0,"all",10503,1,0,0,0,0
2012,2012,0,16,"all",18721,1,1,7,2,10
2013,2013,0,4,"all",23877,1,0,0,1,2
2015,2015,0,5,"all",21695,1,0,0,1,0
2010,2010,0,0,"all",9240,1,0,0,0,0
2018,2018,0,0,"all",35697,1,0,2,0,0
2012,2012,0,6,"all",22944,1,0,0,1,2
2014,2014,0,10,"all",18818,1,5,26,7,7
2014,2014,0,0,"all",10095,1,0,0,0,0
2020,2020,0,7,"all",13856,1,0,2,1,0
2009,2009,0,1,"all",8506,1,0,0,0,0
2016,2016,0,2,"all",10519,1,0,0,0,0
2017,2017,0,6,"all",17357,1,3,1,0,2
2018,2018,0,19,"all",11837,1,2,3,1,1
2019,2019,0,0,"all",12514,1,0,0,0,0
2011,2011,0,1,"all",9224,1,0,0,0,0
2008,2008,0,0,"all",5657,1,0,0,0,0
2009,2009,0,2,"all",6119,1,0,0,0,0
2009,2009,0,3,"all",8850,1,0,0,0,1
2014,2014,0,4,"all",22875,1,0,0,1,2
2018,2018,0,0,"all",12807,1,0,0,0,0
2019,2019,0,4,"all",13639,1,0,0,1,0
2017,2017,0,37,"all",16275,1,9,20,2,3
2019,2019,0,0,"all",11049,1,0,0,0,0
2011,2011,0,0,"all",8875,1,0,0,0,0
2012,2012,0,16,"all",9396,1,5,4,8,4
2008,2008,0,1,"all",8533,1,0,0,0,0
2013,2013,0,0,"all",10966,1,0,0,0,0
2019,2019,0,0,"all",9967,1,0,0,0,0
2017,2017,0,2,"all",12369,1,0,0,0,0
2013,2013,0,1,"all",11985,1,0,0,0,0
2011,2011,0,3,"all",9749,1,0,0,0,1
2017,2017,0,0,"all",11270,1,0,0,0,0
2008,2008,0,0,"all",9883,1,0,0,0,0
2012,2012,0,0,"all",10069,1,0,0,0,0
2013,2013,0,0,"all",7593,1,0,0,0,0
2015,2015,0,1,"all",9123,1,0,1,0,0
2015,2015,0,0,"all",11372,1,0,0,0,0
2018,2018,0,0,"all",13408,1,0,0,0,0
2010,2010,0,0,"all",8825,1,0,0,0,0
2019,2019,0,8,"all",11335,1,1,3,0,1
2013,2013,0,0,"all",9338,1,0,0,0,1
2016,2016,0,0,"all",13233,1,0,0,0,0
2020,2020,0,0,"all",11970,1,0,0,0,0
2012,2012,0,0,"all",10923,1,0,0,0,0
2014,2014,0,0,"all",11834,1,0,0,0,0
2018,2018,0,0,"all",13504,1,0,0,0,0
2008,2008,0,0,"all",8625,1,0,0,0,0
2012,2012,0,0,"all",9804,1,0,0,0,0
2017,2017,0,1,"all",14557,1,0,0,0,0
2015,2015,0,0,"all",10319,1,0,0,0,0
2014,2014,0,0,"all",9858,1,0,0,0,0
2016,2016,0,0,"all",10269,1,0,0,0,0
2012,2012,0,1,"all",9567,1,0,0,0,0
2017,2017,0,0,"all",13246,1,0,0,0,0
2020,2020,0,2,"all",9539,1,0,0,4,0
2017,2017,0,0,"all",7395,1,0,0,0,0
2018,2018,0,0,"all",5678,1,0,0,0,0
2019,2019,0,0,"all",8018,1,0,0,4,0
2019,2019,0,2,"all",8632,1,0,0,2,0
2019,2019,0,4,"all",8514,1,0,0,11,1
2019,2019,0,0,"all",7479,1,0,0,0,0
2019,2019,0,0,"all",5729,1,0,0,0,0
2016,2016,0,0,"all",4768,1,0,0,2,1
2020,2020,0,0,"all",7564,1,0,0,0,0
2019,2019,0,0,"all",4298,1,0,0,0,0
2018,2018,0,0,"all",4859,1,0,0,0,0
2015,2015,0,0,"all",3806,1,0,0,0,0
2018,2018,0,0,"all",4588,1,0,0,0,0
2017,2017,0,0,"all",7114,1,0,0,0,0
2013,2013,0,0,"all",5612,1,0,0,0,0
2019,2019,0,0,"all",5435,1,0,0,0,0
2014,2014,0,0,"all",4940,1,0,0,0,0
2013,2013,0,0,"all",6539,1,0,0,0,0
2018,2018,0,0,"all",11167,1,0,0,0,0
2011,2011,0,0,"all",8541,1,0,0,0,0
2011,2011,0,0,"all",9645,1,0,0,0,0
2014,2014,0,0,"all",8435,1,0,0,0,0
2013,2013,0,0,"all",6498,1,0,0,0,0
2009,2009,0,0,"all",7302,1,0,0,0,0
2012,2012,0,0,"all",7574,1,0,0,0,0
2012,2012,0,0,"all",10868,1,0,0,0,0
2019,2019,0,0,"all",10560,1,0,0,0,0
2013,2013,0,0,"all",7728,1,0,0,0,0
2014,2014,0,0,"all",32106,1,0,0,0,0
2019,2019,0,0,"all",8300,1,0,0,0,0
2018,2018,0,0,"all",11703,1,0,0,0,0
2009,2009,0,0,"all",8110,1,0,0,0,0
2009,2009,0,0,"all",6828,1,0,0,0,0
2018,2018,0,0,"all",12332,1,0,0,0,0
2010,2010,0,0,"all",6586,1,0,0,0,0
2017,2017,0,0,"all",15416,1,0,0,0,0
2008,2008,0,0,"all",7315,1,0,0,0,0
2012,2012,0,0,"all",8869,1,0,0,0,0
2016,2016,0,0,"all",11594,1,0,0,0,0
2010,2010,0,0,"all",7319,1,0,0,0,0
2008,2008,0,0,"all",6995,1,0,0,0,0
2013,2013,0,0,"all",9310,1,0,0,1,0
2008,2008,0,0,"all",4831,1,0,0,0,0
2008,2008,0,0,"all",6283,1,0,0,0,0
2015,2015,0,0,"all",9606,1,0,0,0,0
2018,2018,0,0,"all",9560,1,0,0,0,0
2010,2010,0,0,"all",8397,1,0,0,0,0
2014,2014,0,0,"all",8274,1,0,0,0,0
2011,2011,0,0,"all",8173,1,0,0,0,0
2019,2019,0,0,"all",5760,1,0,0,0,0
2013,2013,0,0,"all",9014,1,0,0,0,0
2016,2016,0,0,"all",10188,1,0,0,0,0
2010,2010,0,0,"all",7573,1,0,0,0,0
2017,2017,0,0,"all",10547,1,0,0,0,0
2015,2015,0,0,"all",10148,1,0,0,0,0
2015,2015,0,0,"all",11114,1,0,0,0,0
2015,2015,0,0,"all",9638,1,0,0,0,0
2013,2013,0,0,"all",4891,1,0,0,0,0
2012,2012,0,0,"all",9787,1,0,0,0,0
2016,2016,0,0,"all",12133,1,0,0,0,0
2009,2009,0,0,"all",8747,1,0,0,0,0
2020,2020,0,0,"all",9330,1,0,0,0,0
2019,2019,0,0,"all",7704,1,0,0,0,0
2013,2013,0,0,"all",8188,1,0,0,0,0
2014,2014,0,0,"all",8115,1,0,0,0,0
2014,2014,0,0,"all",8998,1,0,0,0,0
2011,2011,0,0,"all",6196,1,0,0,0,0
2013,2013,0,0,"all",8258,1,0,0,0,0
2016,2016,0,0,"all",11283,1,0,0,0,0
2017,2017,0,0,"all",11949,1,0,0,0,0
2017,2017,0,0,"all",12415,1,0,0,0,0
2019,2019,0,0,"all",3666,1,0,0,0,0
2016,2016,0,2,"all",7387,1,0,0,0,0
2018,2018,0,0,"all",8254,1,0,0,0,0
2014,2014,0,0,"all",7439,1,0,0,0,0
2016,2016,0,0,"all",4417,1,0,2,0,0
2018,2018,0,0,"all",9284,1,0,0,0,0
2018,2018,0,0,"all",6127,1,1,0,0,0
2016,2016,0,0,"all",6924,1,0,0,0,0
2013,2013,0,0,"all",7773,1,0,0,0,0
2019,2019,0,3,"all",7637,1,0,0,0,0
2017,2017,0,0,"all",4636,1,0,0,0,0
2017,2017,0,0,"all",7981,1,1,1,0,0
2012,2012,0,0,"all",6296,1,0,0,0,0
2010,2010,0,0,"all",6075,1,0,0,0,0
2016,2016,0,0,"all",7927,1,0,0,0,0
2014,2014,0,0,"all",5185,1,0,0,0,0
2020,2020,0,1,"all",5991,1,0,0,2,0
2019,2019,0,0,"all",9332,1,0,0,0,0
2013,2013,0,0,"all",8225,1,0,0,0,0
2017,2017,0,0,"all",7494,1,0,0,0,0
2019,2019,0,0,"all",13129,1,0,0,0,0
2017,2017,0,0,"all",7075,1,0,0,0,0
2013,2013,0,0,"all",5164,1,0,0,0,0
2015,2015,0,0,"all",7899,1,1,0,0,0
2020,2020,0,2,"all",9377,1,0,1,3,0
2015,2015,0,3,"all",7333,1,0,0,0,0
2015,2015,0,0,"all",5903,1,0,0,0,0
2017,2017,0,1,"all",7038,1,0,0,0,0
2010,2010,0,0,"all",3218,1,0,0,0,0
2017,2017,0,0,"all",7062,1,0,0,0,0
2010,2010,0,0,"all",9492,1,0,0,0,0
2015,2015,0,0,"all",5220,1,0,0,0,0
2018,2018,0,0,"all",4481,1,0,0,0,0
2013,2013,0,0,"all",5485,1,0,0,0,0
2019,2019,0,0,"all",9861,1,0,0,0,0
2020,2020,0,3,"all",7861,1,0,0,0,2
2018,2018,0,3,"all",9366,1,0,0,0,2
2019,2019,0,0,"all",10253,1,0,0,0,0
2020,2020,0,0,"all",8160,1,0,0,0,0
2013,2013,0,5,"all",5366,1,0,0,1,2
2019,2019,0,1,"all",11284,1,0,0,0,1
2018,2018,0,3,"all",10755,1,0,0,0,0
2019,2019,0,2,"all",13775,1,1,0,0,0
2018,2018,0,0,"all",5658,1,0,0,0,0
2013,2013,0,0,"all",5337,1,0,0,0,0
2012,2012,0,0,"all",7600,1,0,0,0,0
2019,2019,0,2,"all",9046,1,0,1,0,2
2019,2019,0,0,"all",6069,1,0,0,0,0
2019,2019,0,0,"all",7063,1,0,0,0,0
2019,2019,0,0,"all",7525,1,0,0,0,0
2014,2014,0,0,"all",7967,1,0,0,1,0
2020,2020,0,2,"all",6806,1,0,1,0,3
2011,2011,0,0,"all",7640,1,0,0,0,0
2014,2014,0,0,"all",9832,1,0,0,0,0
2017,2017,0,0,"all",10272,1,0,0,0,0
2015,2015,0,0,"all",6060,1,0,0,0,0
2009,2009,0,0,"all",8898,1,0,0,0,0
2008,2008,0,0,"all",11177,1,0,0,0,0
2008,2008,0,0,"all",8303,1,0,0,0,0
2009,2009,0,0,"all",8107,1,0,0,0,0
2017,2017,0,0,"all",8172,1,0,0,0,0
2018,2018,0,0,"all",7595,1,0,0,0,0
2009,2009,0,0,"all",8087,1,0,0,0,0
2011,2011,0,0,"all",7984,1,0,0,0,0
2018,2018,0,0,"all",10182,1,0,0,0,0
2009,2009,0,0,"all",5932,1,0,0,0,0
2013,2013,0,0,"all",5981,1,0,0,0,0
2013,2013,0,0,"all",11094,1,0,0,0,0
2012,2012,0,0,"all",9639,1,0,0,0,0
2014,2014,0,0,"all",7246,1,0,0,0,0
2010,2010,0,0,"all",7226,1,0,0,0,0
2014,2014,0,0,"all",9193,1,0,0,0,0
2015,2015,0,0,"all",10931,1,0,0,0,0
2019,2019,0,0,"all",8704,1,0,0,0,0
2008,2008,0,0,"all",7254,1,0,0,0,0
2013,2013,0,0,"all",5628,1,0,0,0,0
2010,2010,0,0,"all",9339,1,0,0,0,0
2019,2019,0,0,"all",9397,1,0,0,0,0
2012,2012,0,0,"all",7977,1,0,0,0,0
2019,2019,0,0,"all",3984,1,0,0,0,0
2013,2013,0,0,"all",6348,1,0,0,0,0
2020,2020,0,0,"all",9757,1,0,0,0,0
2017,2017,0,0,"all",7220,1,0,0,0,0
2013,2013,0,0,"all",4924,1,0,0,0,0
2016,2016,0,0,"all",7341,1,0,0,0,0
2018,2018,0,0,"all",5652,1,0,0,0,0
2013,2013,0,0,"all",25330,1,0,0,0,0
2008,2008,0,0,"all",8939,1,0,0,0,0
2019,2019,0,0,"all",9765,1,0,0,0,0
2010,2010,0,0,"all",9509,1,0,0,0,0
2015,2015,0,0,"all",10304,1,0,0,0,0
2020,2020,0,0,"all",9646,1,0,0,0,0
2013,2013,0,0,"all",3869,1,0,0,0,0
2016,2016,0,0,"all",6368,1,0,0,0,0
2019,2019,0,0,"all",8796,1,0,0,0,0
2011,2011,0,0,"all",10877,1,0,0,0,0
2014,2014,0,0,"all",6637,1,0,0,0,0
2016,2016,0,0,"all",8307,1,0,0,0,0
2018,2018,0,0,"all",6920,1,0,0,0,0
2013,2013,0,0,"all",5469,1,0,0,0,0
2012,2012,0,0,"all",6287,1,0,0,0,0
2016,2016,0,0,"all",9822,1,0,0,0,0
2017,2017,0,0,"all",9389,1,0,0,0,0
2010,2010,0,0,"all",8567,1,0,0,0,0
2012,2012,0,0,"all",10759,1,0,0,0,0
2015,2015,0,0,"all",10602,1,0,0,0,0
2011,2011,0,0,"all",7746,1,0,0,0,0
2018,2018,0,0,"all",7400,1,0,0,0,0
2008,2008,0,0,"all",6455,1,0,0,0,0
2012,2012,0,0,"all",28508,1,0,0,0,0
2014,2014,0,0,"all",8879,1,0,0,0,0
2017,2017,0,0,"all",6597,1,0,0,0,0
2019,2019,0,0,"all",6684,1,0,0,0,0
2019,2019,0,0,"all",6522,1,0,0,0,0
2008,2008,0,0,"all",9116,1,0,0,0,0
2012,2012,0,0,"all",10717,1,0,0,1,0
2011,2011,0,0,"all",9175,1,0,0,1,0
2015,2015,0,0,"all",7673,1,0,0,0,0
2013,2013,0,0,"all",7681,1,0,0,0,0
2019,2019,0,0,"all",7889,1,0,0,0,0
2017,2017,0,0,"all",7815,1,0,0,0,0
2018,2018,0,0,"all",6272,1,0,0,0,0
2009,2009,0,0,"all",7830,1,0,0,0,0
2016,2016,0,0,"all",9696,1,0,0,0,0
2014,2014,0,0,"all",9507,1,0,0,0,0
2009,2009,0,0,"all",8406,1,0,0,0,0
2008,2008,0,0,"all",9830,1,0,0,0,0
2014,2014,0,0,"all",10466,1,0,0,0,0
2019,2019,0,0,"all",8645,1,0,0,0,0
2009,2009,0,0,"all",7084,1,0,0,0,0
2015,2015,0,0,"all",11369,1,0,0,0,0
2012,2012,0,0,"all",9404,1,0,0,1,0
2016,2016,0,0,"all",11372,1,0,0,0,0
2017,2017,0,0,"all",9654,1,0,0,0,0
2012,2012,0,0,"all",8594,1,0,0,1,0
2010,2010,0,0,"all",8181,1,0,0,0,0
2012,2012,0,0,"all",9269,1,0,0,0,0
2009,2009,0,0,"all",6357,1,0,0,0,0
2018,2018,0,0,"all",5437,1,0,0,0,0
2014,2014,0,0,"all",9596,1,0,0,0,0
2013,2013,0,0,"all",27720,1,0,0,0,0
2010,2010,0,0,"all",8031,1,0,0,0,0
2015,2015,0,0,"all",10559,1,0,0,0,0
2017,2017,0,0,"all",6101,1,0,0,0,0
2013,2013,0,0,"all",8874,1,0,0,0,0
2008,2008,0,0,"all",6343,1,0,0,0,0
2013,2013,0,0,"all",10311,1,0,0,0,0
2013,2013,0,0,"all",7250,1,0,0,0,0
2011,2011,0,0,"all",7025,1,0,0,1,0
2016,2016,0,0,"all",11229,1,0,0,0,0
2018,2018,0,0,"all",9308,1,0,0,0,0
2020,2020,0,0,"all",5672,1,0,0,0,0
2011,2011,0,0,"all",8926,1,0,0,1,0
2016,2016,0,0,"all",11044,1,1,0,0,0
2015,2015,0,0,"all",9749,1,0,0,0,0
2011,2011,0,0,"all",9850,1,0,0,0,0
2020,2020,0,6,"all",8719,1,0,1,0,2
2019,2019,0,2,"all",8556,1,0,0,38,0
2016,2016,1,0,"all",6968,1,0,0,28,0
2017,2017,0,2,"all",9411,1,0,0,47,1
2018,2018,0,6,"all",8721,1,0,0,40,2
2017,2017,0,2,"all",8806,1,0,0,51,0
2015,2015,0,2,"all",9759,1,0,0,27,2
2016,2016,1,3,"all",8655,1,0,0,26,0
2020,2020,0,1,"all",12277,1,0,0,55,0
2015,2015,0,1,"all",6431,1,0,0,10,0
2018,2018,1,1,"all",9214,1,0,0,44,1
2014,2014,0,0,"all",7600,1,0,0,32,0
2015,2015,0,0,"all",7744,1,0,0,24,0
2017,2017,0,3,"all",9619,1,0,0,40,0
2017,2017,1,1,"all",9297,1,0,0,36,1
2019,2019,0,11,"all",10450,1,0,0,56,6
2020,2020,0,6,"all",12922,1,0,1,61,4
2016,2016,8,0,"all",8706,1,0,1,28,0
2016,2016,0,12,"all",9732,1,0,0,35,6
2019,2019,0,4,"all",12147,1,0,0,52,1
2019,2019,0,0,"all",8125,1,0,0,0,0
2017,2017,0,0,"all",9554,1,0,1,1,0
2019,2019,0,0,"all",10448,1,0,0,0,0
2015,2015,0,0,"all",10052,1,0,0,0,0
2015,2015,0,0,"all",5055,1,0,0,0,0
2020,2020,0,0,"all",9597,1,0,0,0,0
2015,2015,0,0,"all",7646,1,0,0,1,0
2017,2017,0,0,"all",5906,1,0,0,0,0
2017,2017,0,0,"all",5334,1,0,0,0,0
2017,2017,0,0,"all",9460,1,0,0,0,0
2020,2020,0,1,"all",6407,1,0,1,0,0
2018,2018,0,0,"all",8153,1,0,0,0,1
2018,2018,0,0,"all",5742,1,0,0,0,0
2016,2016,0,0,"all",9280,1,0,0,0,0
2018,2018,0,0,"all",7962,1,0,0,0,0
2016,2016,0,0,"all",7017,1,0,0,0,0
2018,2018,0,0,"all",5550,1,0,0,0,0
2019,2019,0,1,"all",8992,1,0,0,0,0
2016,2016,0,0,"all",6426,1,0,0,0,0
2019,2019,0,0,"all",9402,1,0,0,1,3
2019,2019,0,0,"all",5409,1,0,0,0,0
2015,2015,0,0,"all",9063,1,0,0,0,0
2018,2018,0,0,"all",7469,1,0,0,0,0
2016,2016,0,0,"all",9988,1,0,0,0,0
2012,2012,0,0,"all",8359,1,0,0,0,0
2017,2017,0,0,"all",5041,1,0,0,0,0
2011,2011,0,0,"all",9489,1,0,0,0,0
2017,2017,0,0,"all",8858,1,0,0,0,0
2012,2012,0,0,"all",9566,1,0,0,2,0
2019,2019,0,0,"all",5610,1,0,0,0,0
2020,2020,0,7,"all",4926,1,0,0,2,0
2009,2009,0,0,"all",7316,1,0,0,0,0
2016,2016,0,0,"all",8768,1,0,0,0,0
2015,2015,0,0,"all",7876,1,0,0,0,0
2012,2012,0,0,"all",9317,1,0,0,0,0
2019,2019,0,0,"all",5263,1,0,0,0,0
2016,2016,0,0,"all",9780,1,0,0,0,0
2018,2018,0,0,"all",10265,1,0,0,1,0
2013,2013,0,0,"all",11595,1,0,0,1,0
2013,2013,0,0,"all",14130,1,0,0,0,0
2011,2011,0,0,"all",7363,1,0,0,0,0
2014,2014,0,0,"all",11345,1,0,0,0,0
2017,2017,0,0,"all",9119,1,0,0,0,0
2013,2013,0,0,"all",10515,1,0,0,0,0
2018,2018,0,0,"all",8988,1,0,0,2,0
2013,2013,0,0,"all",13302,1,0,0,0,0
2019,2019,0,0,"all",6500,1,0,0,6,0
2019,2019,0,0,"all",6925,1,0,0,0,1
2011,2011,0,0,"all",5947,1,0,0,0,0
2014,2014,0,0,"all",14179,1,0,0,1,0
2015,2015,0,0,"all",7677,1,0,0,0,0
2020,2020,0,9,"all",11087,1,0,0,18,3
2019,2019,0,9,"all",12389,1,0,0,12,1
2019,2019,0,15,"all",12864,1,0,0,7,1
2020,2020,0,45,"all",11877,1,5,4,12,2
2019,2019,0,11,"all",10247,1,0,0,10,2
2014,2014,0,1,"all",9903,1,0,0,0,0
2013,2013,0,0,"all",11494,1,0,0,0,0
2012,2012,0,0,"all",9277,1,0,0,0,0
2012,2012,0,0,"all",11984,1,0,0,0,0
2015,2015,0,2,"all",9939,1,0,0,0,0
2015,2015,0,0,"all",8392,1,0,0,0,0
2014,2014,0,0,"all",14178,1,1,0,0,0
2016,2016,0,0,"all",8241,1,0,0,0,0
2017,2017,0,3,"all",12919,1,0,0,2,0
2015,2015,0,0,"all",10753,1,0,0,0,0
2015,2015,0,0,"all",8818,1,0,0,0,0
2014,2014,0,0,"all",8556,1,0,0,0,0
2014,2014,0,0,"all",7418,1,0,0,0,0
2013,2013,0,0,"all",8567,1,0,0,0,0
2013,2013,0,0,"all",8437,1,0,0,0,0
2013,2013,0,0,"all",5228,1,0,0,0,0
2016,2016,0,0,"all",8944,1,0,0,0,0
2019,2019,0,0,"all",4799,1,0,0,0,0
2017,2017,0,0,"all",5473,1,0,0,0,0
2016,2016,0,0,"all",5331,1,0,0,0,0
2018,2018,0,0,"all",7076,1,0,0,0,0
2018,2018,0,0,"all",3443,1,0,0,0,0
2019,2019,0,0,"all",4386,1,0,0,0,0
2018,2018,0,0,"all",5639,1,0,0,0,0
2017,2017,0,0,"all",4390,1,0,0,0,0
2016,2016,0,0,"all",3811,1,0,0,0,0
2016,2016,0,0,"all",5950,1,0,0,0,0
2019,2019,0,3,"all",6089,1,0,0,0,0
2015,2015,0,0,"all",4722,1,0,0,0,0
2013,2013,0,0,"all",12602,1,0,0,0,0
2010,2010,0,0,"all",10512,1,0,0,0,0
2012,2012,0,1,"all",12421,1,0,0,0,1
2013,2013,0,0,"all",13933,1,0,0,0,0
2015,2015,0,0,"all",12490,1,0,0,0,0
2017,2017,0,1,"all",19053,1,0,0,5,0
2011,2011,0,0,"all",9060,1,0,0,0,0
2020,2020,0,13,"all",16922,1,2,4,19,2
2019,2019,0,8,"all",14480,1,0,3,5,0
2018,2018,0,1,"all",13761,1,0,1,5,0
2012,2012,0,0,"all",18104,1,0,1,0,0
2019,2019,0,16,"all",16999,1,1,2,11,0
2014,2014,0,0,"all",13330,1,0,0,0,0
2018,2018,0,8,"all",11655,1,0,0,10,1
2016,2016,0,0,"all",12253,1,0,0,0,0
2019,2019,0,2,"all",13486,1,0,0,6,0
2017,2017,0,0,"all",11824,1,0,0,4,0
2019,2019,0,2,"all",11717,1,1,0,1,0
2017,2017,0,1,"all",13384,1,0,0,0,0
2018,2018,0,0,"all",16966,1,0,0,1,0
2015,2015,0,2,"all",18051,1,0,1,0,1
2012,2012,0,0,"all",12057,1,0,0,1,0
2015,2015,3,0,"all",11111,1,3,0,0,0
2010,2010,0,0,"all",7363,1,0,0,0,0
2011,2011,0,0,"all",10413,1,0,0,0,0
2010,2010,0,1,"all",12154,1,0,0,0,0
2013,2013,0,1,"all",17821,1,0,1,0,0
2014,2014,0,0,"all",11950,1,0,0,0,0
2018,2018,0,2,"all",15490,1,0,0,4,1
2015,2015,2,2,"all",21875,1,0,1,5,0
2014,2014,0,0,"all",14227,1,0,0,0,0
2016,2016,0,0,"all",11695,1,0,1,0,1
2017,2017,0,8,"all",14212,1,0,0,1,1
2016,2016,0,0,"all",13925,1,0,0,0,0
2013,2013,0,0,"all",12645,1,0,0,0,0
2011,2011,0,0,"all",11068,1,0,0,0,0
2016,2016,0,2,"all",14305,1,0,0,0,0
2013,2013,0,0,"all",12003,1,0,0,0,0
2012,2012,0,0,"all",14884,1,0,0,0,0
2020,2020,0,33,"all",18650,1,1,1,15,0
2018,2018,0,0,"all",8311,1,0,0,0,0
2014,2014,0,1,"all",9628,1,3,0,0,0
2018,2018,0,0,"all",8272,1,5,0,0,0
2013,2013,0,3,"all",9624,1,0,0,0,0
2012,2012,0,0,"all",10587,1,0,3,0,1
2020,2020,0,0,"all",10255,1,2,0,0,0
2019,2019,0,1,"all",9430,1,0,1,0,0
2019,2019,0,11,"all",8992,1,1,1,2,2
2012,2012,0,1,"all",10744,1,0,0,1,0
2011,2011,0,10,"all",10732,1,1,2,6,2
2015,2015,0,4,"all",8771,1,7,0,0,1
2013,2013,0,0,"all",6284,1,2,0,0,0
2013,2013,0,2,"all",10413,1,0,0,2,0
2013,2013,0,2,"all",20986,1,0,0,0,0
2013,2013,0,0,"all",7460,1,0,0,0,0
2017,2017,0,1,"all",8704,1,0,0,0,1
2015,2015,0,0,"all",7759,1,0,0,1,0
2014,2014,0,0,"all",8741,1,0,0,0,0
2019,2019,0,9,"all",3949,1,0,0,0,5
2017,2017,0,0,"all",9046,1,0,0,0,0
2013,2013,0,1,"all",8842,1,0,0,0,0
2014,2014,0,0,"all",7981,1,0,0,0,0
2017,2017,0,0,"all",7433,1,0,0,0,0
2012,2012,0,2,"all",7659,1,0,0,1,1
2016,2016,0,0,"all",8003,1,0,0,0,0
2015,2015,0,3,"all",8873,1,0,1,1,0
2020,2020,0,0,"all",7855,1,0,0,4,0
2014,2014,0,0,"all",8519,1,0,0,0,0
2019,2019,0,2,"all",8678,1,0,1,0,3
2018,2018,0,5,"all",9048,1,0,0,0,3
2013,2013,0,0,"all",9806,1,0,0,0,0
2012,2012,0,0,"all",8460,1,0,0,0,0
2013,2013,0,0,"all",6300,1,0,0,0,0
2019,2019,3,14,"all",6713,1,0,0,1,6
2018,2018,0,4,"all",8723,1,0,0,0,0
2008,2008,0,0,"all",7347,1,0,0,0,0
2014,2014,0,0,"all",7535,1,0,0,0,0
2013,2013,0,3,"all",4791,1,0,1,0,2
2015,2015,0,0,"all",7319,1,0,0,0,0
2012,2012,0,0,"all",8521,1,0,0,0,0
2011,2011,0,0,"all",10068,1,0,0,0,0
2017,2017,0,0,"all",8672,1,0,1,0,0
2010,2010,0,1,"all",9843,1,0,0,0,0
2020,2020,0,10,"all",10149,1,0,1,11,4
2016,2016,0,0,"all",8566,1,0,0,0,0
2010,2010,0,0,"all",9952,1,0,0,0,0
2010,2010,0,0,"all",8676,1,0,0,0,0
2011,2011,0,2,"all",8657,1,1,0,1,1
2015,2015,0,0,"all",7794,1,0,0,0,0
2019,2019,0,0,"all",9064,1,0,0,0,0
2013,2013,0,0,"all",9594,1,0,0,0,0
2016,2016,0,0,"all",8550,1,0,0,0,0
2012,2012,0,0,"all",8429,1,0,0,0,0
2016,2016,0,3,"all",8693,1,0,2,0,0
2019,2019,0,13,"all",5539,1,0,2,1,6
2018,2018,0,9,"all",4830,1,0,0,0,5
2011,2011,0,0,"all",5875,1,0,0,1,0
2012,2012,0,0,"all",8608,1,0,0,0,0
2014,2014,0,0,"all",7300,1,0,0,0,0
2015,2015,0,0,"all",9549,1,0,0,0,0
2008,2008,0,1,"all",7820,1,0,0,0,0
2018,2018,0,0,"all",6995,1,0,0,0,0
2017,2017,0,1,"all",9268,1,0,0,1,0
2018,2018,0,1,"all",9130,1,0,0,0,0
2011,2011,0,0,"all",7858,1,0,0,0,0
2013,2013,0,5,"all",27684,1,0,0,2,2
2013,2013,0,0,"all",5614,1,0,0,0,0
2019,2019,0,0,"all",12024,1,0,0,6,0
2017,2017,0,1,"all",21442,1,0,4,5,1
2019,2019,1,0,"all",5921,1,0,0,2,0
2015,2015,0,0,"all",7366,1,0,0,0,0
2018,2018,0,1,"all",20276,1,0,3,12,2
2016,2016,0,0,"all",6786,1,0,0,8,0
2016,2016,0,0,"all",7892,1,0,0,2,0
2016,2016,0,0,"all",17788,1,1,1,2,0
2018,2018,0,0,"all",5294,1,0,0,4,0
2020,2020,1,29,"all",22129,1,5,5,19,0
2020,2020,2,34,"all",25773,1,0,1,34,1
2017,2017,1,0,"all",8474,1,0,0,4,0
2015,2015,0,0,"all",5944,1,0,0,0,0
2016,2016,0,0,"all",7638,1,0,0,1,0
2019,2019,0,14,"all",19942,1,0,1,18,1
2017,2017,0,0,"all",8353,1,0,0,1,0
2015,2015,0,0,"all",7776,1,0,0,0,0
2018,2018,0,0,"all",6158,1,0,0,2,0
2019,2019,0,6,"all",9239,1,0,0,7,0
2013,2013,0,2,"all",13944,1,0,1,0,1
2018,2018,0,1,"all",12778,1,0,0,4,0
2018,2018,0,0,"all",4013,1,0,0,0,0
2016,2016,0,0,"all",9272,1,0,0,0,0
2019,2019,0,0,"all",8183,1,0,0,0,0
2017,2017,0,0,"all",9340,1,0,0,0,0
2015,2015,0,0,"all",8351,1,0,0,0,0
2017,2017,0,3,"all",8489,1,0,0,0,0
2016,2016,0,0,"all",8986,1,0,0,0,0
2019,2019,0,0,"all",11264,1,0,0,0,0
2014,2014,0,0,"all",10672,1,0,0,0,0
2018,2018,0,0,"all",7134,1,0,0,0,0
2020,2020,0,4,"all",10505,1,1,0,1,0
2015,2015,0,0,"all",10994,1,0,0,0,0
2018,2018,0,1,"all",13489,1,0,0,2,0
2018,2018,0,0,"all",9988,1,0,0,0,0
2016,2016,0,0,"all",6977,1,0,0,0,0
2017,2017,0,0,"all",9165,1,0,0,5,0
2017,2017,0,0,"all",10742,1,0,0,1,0
2020,2020,0,1,"all",11744,1,0,0,5,0
2017,2017,0,0,"all",10701,1,0,0,0,0
2019,2019,0,0,"all",12938,1,0,0,0,0
2018,2018,0,0,"all",8520,1,0,0,0,0
2016,2016,0,0,"all",7429,1,0,0,0,0
2018,2018,0,0,"all",6367,1,0,0,0,0
2019,2019,0,4,"all",8232,1,0,0,9,0
2017,2017,0,0,"all",9306,1,0,0,10,0
2019,2019,0,3,"all",10315,1,0,0,1,0
2019,2019,0,0,"all",9357,1,0,0,0,0
2016,2016,0,0,"all",7678,1,0,0,5,0
